{"type":"Topology","arcs":[[[341,705],[90,-14],[85,-94],[69,-10],[12,-63],[140,-9],[2,-38],[1,-43],[-48,-92],[-16,-30],[26,-44],[-52,-4],[-8,-20],[-91,-81],[-58,33],[-130,-106],[-6,-23],[6,-51],[-66,-16],[-10,58],[-4,24],[-60,97],[-110,85],[-94,74],[2,42],[-21,58],[118,65],[61,26],[3,51],[51,54],[-27,83],[80,50],[55,-62]]],"transform":{"scale":[186.69045974335606,203.34679272167708],"translate":[5144920.608244195,2147880.021304348]},"objects":{"CNTR_RG_20M_2016_XK":{"type":"GeometryCollection","geometries":[{"arcs":[[0]],"type":"Polygon","properties":{"OBJECTID":1,"CNTR_ID":"XK","STAT_LEVL_":0,"SHAPE_Leng":5.11602958589,"SHAPE_Area":1.21151940405}}]}}}